{
  "timestamp": "2025-09-30T01:04:16.812883+00:00",
  "step": 2049,
  "iteration": 1,
  "checkpoint": "_03_training/artifacts/smoke_cli/checkpoints/step_2049.pt",
  "gamesPerOpponent": 20,
  "seedBase": 4321,
  "opponents": [
    {
      "opponent": "first",
      "games": 20,
      "wins": 12,
      "losses": 5,
      "ties": 3,
      "winRate": 0.6,
      "averageScore": 9.9,
      "averageOpponentScore": 8.3,
      "averageTurns": 22.7,
      "elo": {
        "before": 1500.0,
        "after": 1493.8323782603272,
        "delta": -6.167621739672768,
        "opponentAfter": 1506.1676217396728
      }
    },
    {
      "opponent": "random",
      "games": 20,
      "wins": 12,
      "losses": 5,
      "ties": 3,
      "winRate": 0.6,
      "averageScore": 9.85,
      "averageOpponentScore": 9.2,
      "averageTurns": 22.4,
      "elo": {
        "before": 1493.8323782603272,
        "after": 1490.1220346937484,
        "delta": -3.7103435665787856,
        "opponentAfter": 1503.7103435665788
      }
    },
    {
      "opponent": "greedy",
      "games": 20,
      "wins": 1,
      "losses": 18,
      "ties": 1,
      "winRate": 0.05,
      "averageScore": 4.9,
      "averageOpponentScore": 12.85,
      "averageTurns": 22.8,
      "elo": {
        "before": 1490.1220346937484,
        "after": 1341.3287374713782,
        "delta": -148.79329722237026,
        "opponentAfter": 1648.7932972223703
      }
    },
    {
      "opponent": "diego",
      "games": 20,
      "wins": 3,
      "losses": 17,
      "ties": 0,
      "winRate": 0.15,
      "averageScore": 5.25,
      "averageOpponentScore": 11.65,
      "averageTurns": 23.0,
      "elo": {
        "before": 1341.3287374713782,
        "after": 1264.0127669326616,
        "delta": -77.31597053871656,
        "opponentAfter": 1577.3159705387166
      }
    }
  ],
  "finalElo": 1264.0127669326616
}
