{
  "timestamp": "2025-09-30T01:10:04.956996+00:00",
  "step": 20525,
  "iteration": 10,
  "checkpoint": "_03_training/artifacts/loop_cli/checkpoints/step_20525.pt",
  "gamesPerOpponent": 1000,
  "seedBase": 4321,
  "opponents": [
    {
      "opponent": "first",
      "games": 1000,
      "wins": 462,
      "losses": 429,
      "ties": 109,
      "winRate": 0.462,
      "averageScore": 9.185,
      "averageOpponentScore": 9.021,
      "averageTurns": 22.774,
      "elo": {
        "before": 1500.0,
        "after": 1062.036834677778,
        "delta": -437.96316532222204,
        "opponentAfter": 1937.9631653222216
      }
    },
    {
      "opponent": "random",
      "games": 1000,
      "wins": 468,
      "losses": 407,
      "ties": 125,
      "winRate": 0.468,
      "averageScore": 9.246,
      "averageOpponentScore": 8.856,
      "averageTurns": 22.782,
      "elo": {
        "before": 1062.036834677778,
        "after": 847.6997542153348,
        "delta": -214.33708046244317,
        "opponentAfter": 1714.337080462441
      }
    },
    {
      "opponent": "greedy",
      "games": 1000,
      "wins": 37,
      "losses": 937,
      "ties": 26,
      "winRate": 0.037,
      "averageScore": 5.229,
      "averageOpponentScore": 14.272,
      "averageTurns": 22.825,
      "elo": {
        "before": 847.6997542153348,
        "after": 667.3122380066663,
        "delta": -180.38751620866844,
        "opponentAfter": 1680.3875162086701
      }
    },
    {
      "opponent": "diego",
      "games": 1000,
      "wins": 120,
      "losses": 803,
      "ties": 77,
      "winRate": 0.12,
      "averageScore": 5.293,
      "averageOpponentScore": 10.56,
      "averageTurns": 22.666,
      "elo": {
        "before": 667.3122380066663,
        "after": 590.5563181245199,
        "delta": -76.75591988214649,
        "opponentAfter": 1576.755919882145
      }
    }
  ],
  "finalElo": 590.5563181245199
}
