{
  "timestamp": "2025-09-30T01:11:02.421480+00:00",
  "step": 100575,
  "iteration": 49,
  "checkpoint": "_03_training/artifacts/loop_cli/checkpoints/step_100575.pt",
  "gamesPerOpponent": 1000,
  "seedBase": 4321,
  "opponents": [
    {
      "opponent": "first",
      "games": 1000,
      "wins": 499,
      "losses": 409,
      "ties": 92,
      "winRate": 0.499,
      "averageScore": 9.481,
      "averageOpponentScore": 8.905,
      "averageTurns": 22.858,
      "elo": {
        "before": 1500.0,
        "after": 1066.2508940223536,
        "delta": -433.7491059776464,
        "opponentAfter": 1933.7491059776466
      }
    },
    {
      "opponent": "random",
      "games": 1000,
      "wins": 460,
      "losses": 431,
      "ties": 109,
      "winRate": 0.46,
      "averageScore": 9.243,
      "averageOpponentScore": 8.867,
      "averageTurns": 22.831,
      "elo": {
        "before": 1066.2508940223536,
        "after": 844.7520175911877,
        "delta": -221.49887643116585,
        "opponentAfter": 1721.4988764311688
      }
    },
    {
      "opponent": "greedy",
      "games": 1000,
      "wins": 48,
      "losses": 928,
      "ties": 24,
      "winRate": 0.048,
      "averageScore": 5.369,
      "averageOpponentScore": 14.066,
      "averageTurns": 22.83,
      "elo": {
        "before": 844.7520175911877,
        "after": 666.7333425257552,
        "delta": -178.0186750654325,
        "opponentAfter": 1678.0186750654286
      }
    },
    {
      "opponent": "diego",
      "games": 1000,
      "wins": 125,
      "losses": 785,
      "ties": 90,
      "winRate": 0.125,
      "averageScore": 5.454,
      "averageOpponentScore": 10.354,
      "averageTurns": 22.656,
      "elo": {
        "before": 666.7333425257552,
        "after": 592.2544964390813,
        "delta": -74.47884608667391,
        "opponentAfter": 1574.478846086675
      }
    }
  ],
  "finalElo": 592.2544964390813
}
