{
  "timestamp": "2025-09-30T01:10:33.818401+00:00",
  "step": 61603,
  "iteration": 30,
  "checkpoint": "_03_training/artifacts/loop_cli/checkpoints/step_61603.pt",
  "gamesPerOpponent": 1000,
  "seedBase": 4321,
  "opponents": [
    {
      "opponent": "first",
      "games": 1000,
      "wins": 491,
      "losses": 400,
      "ties": 109,
      "winRate": 0.491,
      "averageScore": 9.626,
      "averageOpponentScore": 8.93,
      "averageTurns": 22.822,
      "elo": {
        "before": 1500.0,
        "after": 1068.212935942973,
        "delta": -431.787064057027,
        "opponentAfter": 1931.7870640570268
      }
    },
    {
      "opponent": "random",
      "games": 1000,
      "wins": 467,
      "losses": 424,
      "ties": 109,
      "winRate": 0.467,
      "averageScore": 9.294,
      "averageOpponentScore": 8.8,
      "averageTurns": 22.797,
      "elo": {
        "before": 1068.212935942973,
        "after": 847.1774614229118,
        "delta": -221.03547452006114,
        "opponentAfter": 1721.0354745200616
      }
    },
    {
      "opponent": "greedy",
      "games": 1000,
      "wins": 32,
      "losses": 941,
      "ties": 27,
      "winRate": 0.032,
      "averageScore": 5.384,
      "averageOpponentScore": 14.007,
      "averageTurns": 22.87,
      "elo": {
        "before": 847.1774614229118,
        "after": 666.6570932894845,
        "delta": -180.52036813342738,
        "opponentAfter": 1680.520368133425
      }
    },
    {
      "opponent": "diego",
      "games": 1000,
      "wins": 138,
      "losses": 789,
      "ties": 73,
      "winRate": 0.138,
      "averageScore": 5.451,
      "averageOpponentScore": 10.476,
      "averageTurns": 22.648,
      "elo": {
        "before": 666.6570932894845,
        "after": 591.7731756303737,
        "delta": -74.88391765911081,
        "opponentAfter": 1574.8839176591143
      }
    }
  ],
  "finalElo": 591.7731756303737
}
