{
  "timestamp": "2025-09-30T01:10:20.300995+00:00",
  "step": 41056,
  "iteration": 20,
  "checkpoint": "_03_training/artifacts/loop_cli/checkpoints/step_41056.pt",
  "gamesPerOpponent": 1000,
  "seedBase": 4321,
  "opponents": [
    {
      "opponent": "first",
      "games": 1000,
      "wins": 490,
      "losses": 414,
      "ties": 96,
      "winRate": 0.49,
      "averageScore": 9.337,
      "averageOpponentScore": 8.783,
      "averageTurns": 22.81,
      "elo": {
        "before": 1500.0,
        "after": 1065.1778871261808,
        "delta": -434.82211287381915,
        "opponentAfter": 1934.8221128738198
      }
    },
    {
      "opponent": "random",
      "games": 1000,
      "wins": 467,
      "losses": 397,
      "ties": 136,
      "winRate": 0.467,
      "averageScore": 9.133,
      "averageOpponentScore": 8.732,
      "averageTurns": 22.797,
      "elo": {
        "before": 1065.1778871261808,
        "after": 851.4660230331185,
        "delta": -213.71186409306233,
        "opponentAfter": 1713.7118640930616
      }
    },
    {
      "opponent": "greedy",
      "games": 1000,
      "wins": 43,
      "losses": 921,
      "ties": 36,
      "winRate": 0.043,
      "averageScore": 5.32,
      "averageOpponentScore": 13.97,
      "averageTurns": 22.787,
      "elo": {
        "before": 851.4660230331185,
        "after": 670.6529430001364,
        "delta": -180.81308003298216,
        "opponentAfter": 1680.8130800329793
      }
    },
    {
      "opponent": "diego",
      "games": 1000,
      "wins": 117,
      "losses": 785,
      "ties": 98,
      "winRate": 0.117,
      "averageScore": 5.393,
      "averageOpponentScore": 10.335,
      "averageTurns": 22.657,
      "elo": {
        "before": 670.6529430001364,
        "after": 594.2139523744252,
        "delta": -76.4389906257112,
        "opponentAfter": 1576.4389906257106
      }
    }
  ],
  "finalElo": 594.2139523744252
}
