{
  "timestamp": "2025-09-30T01:05:43.995419+00:00",
  "iteration": 10,
  "steps": 20523,
  "episodes": 1770,
  "rolloutSteps": 2049,
  "batchEpisodes": 177,
  "avgEpisodeReward": -0.27967222699743177,
  "meanEntropy": 0.26371821761131287,
  "policy_loss": -0.06154908239841461,
  "value_loss": 0.46720353299751877,
  "entropy": 0.2467713061720133,
  "approx_kl": 0.010641041647181737,
  "clip_fraction": 0.07099609375
}
