{
  "timestamp": "2025-09-30T01:05:26.186046+00:00",
  "iteration": 5,
  "steps": 10264,
  "episodes": 885,
  "rolloutSteps": 2053,
  "batchEpisodes": 177,
  "avgEpisodeReward": -0.20075824206287363,
  "meanEntropy": 0.28880730271339417,
  "policy_loss": -0.04535480986814946,
  "value_loss": 0.5781287670135498,
  "entropy": 0.2728719778358936,
  "approx_kl": 0.005574715175529299,
  "clip_fraction": 0.06824218779802323
}
