{
  "timestamp": "2025-09-30T01:09:54.675296+00:00",
  "iteration": 5,
  "steps": 10259,
  "episodes": 886,
  "rolloutSteps": 2048,
  "batchEpisodes": 177,
  "avgEpisodeReward": -0.31944955349534887,
  "meanEntropy": 0.33190852403640747,
  "policy_loss": -0.0017920721729751676,
  "value_loss": 0.5105663482099771,
  "entropy": 0.3267675545066595,
  "approx_kl": 0.0052608568392521204,
  "clip_fraction": 0.07861328125
}
