{
  "timestamp": "2025-09-30T01:10:38.727404+00:00",
  "iteration": 38,
  "steps": 78017,
  "episodes": 6731,
  "rolloutSteps": 2052,
  "batchEpisodes": 176,
  "avgEpisodeReward": -0.16856546391586139,
  "meanEntropy": 0.18626542389392853,
  "policy_loss": -0.023027279833331703,
  "value_loss": 0.48691050708293915,
  "entropy": 0.19407367296516895,
  "approx_kl": 0.0053637874360732305,
  "clip_fraction": 0.058984375
}
