{
  "timestamp": "2025-09-30T01:10:07.824924+00:00",
  "iteration": 15,
  "steps": 30800,
  "episodes": 2661,
  "rolloutSteps": 2058,
  "batchEpisodes": 178,
  "avgEpisodeReward": -0.33028951969372505,
  "meanEntropy": 0.2827647626399994,
  "policy_loss": -0.03788832819554955,
  "value_loss": 0.5299869373440742,
  "entropy": 0.2615834459662437,
  "approx_kl": 0.01224063209959927,
  "clip_fraction": 0.10361328162252903
}
