{
  "timestamp": "2025-09-30T01:10:48.620569+00:00",
  "iteration": 41,
  "steps": 84170,
  "episodes": 7262,
  "rolloutSteps": 2048,
  "batchEpisodes": 177,
  "avgEpisodeReward": -0.08916227306728076,
  "meanEntropy": 0.14549484848976135,
  "policy_loss": -0.001625497650820762,
  "value_loss": 0.525108091533184,
  "entropy": 0.14262436423450708,
  "approx_kl": 0.0024686355077586167,
  "clip_fraction": 0.024658203125
}
