{
  "timestamp": "2025-09-30T01:09:54.162131+00:00",
  "iteration": 4,
  "steps": 8211,
  "episodes": 709,
  "rolloutSteps": 2057,
  "batchEpisodes": 178,
  "avgEpisodeReward": -0.30277855272109866,
  "meanEntropy": 0.3247738480567932,
  "policy_loss": 0.0052691696677356955,
  "value_loss": 0.57470144033432,
  "entropy": 0.3080558627843857,
  "approx_kl": 0.005561667585475549,
  "clip_fraction": 0.06044921875
}
