{
  "timestamp": "2025-09-30T01:10:50.597659+00:00",
  "iteration": 44,
  "steps": 90323,
  "episodes": 7793,
  "rolloutSteps": 2049,
  "batchEpisodes": 178,
  "avgEpisodeReward": -0.18024726859624424,
  "meanEntropy": 0.20189917087554932,
  "policy_loss": 0.07524124379269778,
  "value_loss": 0.5045615393668413,
  "entropy": 0.15793914254754782,
  "approx_kl": 0.004344312779780257,
  "clip_fraction": 0.0357421875
}
