{
  "timestamp": "2025-09-30T01:10:09.607784+00:00",
  "iteration": 18,
  "steps": 36957,
  "episodes": 3192,
  "rolloutSteps": 2052,
  "batchEpisodes": 177,
  "avgEpisodeReward": -0.31310858815255177,
  "meanEntropy": 0.2707303464412689,
  "policy_loss": 0.07041489761322736,
  "value_loss": 0.5255160748958587,
  "entropy": 0.22818292025476694,
  "approx_kl": 0.011521104024384698,
  "clip_fraction": 0.09736328125
}
