{
  "timestamp": "2025-09-30T01:10:34.436361+00:00",
  "iteration": 31,
  "steps": 63660,
  "episodes": 5495,
  "rolloutSteps": 2057,
  "batchEpisodes": 178,
  "avgEpisodeReward": -0.1222028951301218,
  "meanEntropy": 0.1975182443857193,
  "policy_loss": 0.006187875708565116,
  "value_loss": 0.5968491420149803,
  "entropy": 0.19145275354385377,
  "approx_kl": 0.0027719439071332676,
  "clip_fraction": 0.02899305559694767
}
