{
  "timestamp": "2025-09-30T01:10:23.671584+00:00",
  "iteration": 26,
  "steps": 53379,
  "episodes": 4607,
  "rolloutSteps": 2053,
  "batchEpisodes": 177,
  "avgEpisodeReward": -0.28787568572412997,
  "meanEntropy": 0.20462095737457275,
  "policy_loss": -0.020513765630312264,
  "value_loss": 0.4682640478014946,
  "entropy": 0.20199022814631462,
  "approx_kl": 0.0071629862225359945,
  "clip_fraction": 0.06957031264901162
}
