{
  "timestamp": "2025-09-30T01:10:39.286321+00:00",
  "iteration": 39,
  "steps": 80070,
  "episodes": 6908,
  "rolloutSteps": 2053,
  "batchEpisodes": 177,
  "avgEpisodeReward": -0.22614554577376636,
  "meanEntropy": 0.17587748169898987,
  "policy_loss": 0.036754864268004894,
  "value_loss": 0.4743713140487671,
  "entropy": 0.17765232007950543,
  "approx_kl": 0.0067845690375827,
  "clip_fraction": 0.049843750149011615
}
