{
  "timestamp": "2025-09-30T01:09:56.801613+00:00",
  "iteration": 9,
  "steps": 18470,
  "episodes": 1597,
  "rolloutSteps": 2051,
  "batchEpisodes": 177,
  "avgEpisodeReward": -0.3416101248967153,
  "meanEntropy": 0.31137123703956604,
  "policy_loss": -0.07980948827462271,
  "value_loss": 0.5367437839508057,
  "entropy": 0.33874641805887223,
  "approx_kl": 0.012575705917885616,
  "clip_fraction": 0.11116536557674409
}
