{
  "timestamp": "2025-09-30T01:10:49.254630+00:00",
  "iteration": 42,
  "steps": 86221,
  "episodes": 7438,
  "rolloutSteps": 2051,
  "batchEpisodes": 176,
  "avgEpisodeReward": -0.2932086096850719,
  "meanEntropy": 0.1426890790462494,
  "policy_loss": -0.099662672332488,
  "value_loss": 0.4503815248608589,
  "entropy": 0.1638259249572002,
  "approx_kl": 0.003210041188964963,
  "clip_fraction": 0.0224609375
}
