{
  "timestamp": "2025-09-30T01:09:57.318825+00:00",
  "iteration": 10,
  "steps": 20525,
  "episodes": 1774,
  "rolloutSteps": 2055,
  "batchEpisodes": 177,
  "avgEpisodeReward": -0.35416640667925947,
  "meanEntropy": 0.3283635079860687,
  "policy_loss": 0.02893634212668985,
  "value_loss": 0.423847371339798,
  "entropy": 0.30046382881700995,
  "approx_kl": 0.0061125154242885225,
  "clip_fraction": 0.07198660746216774
}
