{
  "timestamp": "2025-09-30T01:10:35.100415+00:00",
  "iteration": 32,
  "steps": 65715,
  "episodes": 5671,
  "rolloutSteps": 2055,
  "batchEpisodes": 176,
  "avgEpisodeReward": -0.2221076634971969,
  "meanEntropy": 0.18406397104263306,
  "policy_loss": 0.08425856637768447,
  "value_loss": 0.528856136649847,
  "entropy": 0.17741401195526124,
  "approx_kl": 0.003338326854542023,
  "clip_fraction": 0.03614676371216774
}
