{
  "timestamp": "2025-09-30T01:10:22.533433+00:00",
  "iteration": 24,
  "steps": 49273,
  "episodes": 4253,
  "rolloutSteps": 2056,
  "batchEpisodes": 177,
  "avgEpisodeReward": -0.2271185679788263,
  "meanEntropy": 0.21718433499336243,
  "policy_loss": -0.015928584476932885,
  "value_loss": 0.4943794459104538,
  "entropy": 0.2235903386026621,
  "approx_kl": 0.006769099694421521,
  "clip_fraction": 0.06748046875
}
