{
  "timestamp": "2025-09-30T01:10:05.608212+00:00",
  "iteration": 11,
  "steps": 22584,
  "episodes": 1952,
  "rolloutSteps": 2059,
  "batchEpisodes": 178,
  "avgEpisodeReward": -0.25680309346535063,
  "meanEntropy": 0.32305020093917847,
  "policy_loss": 0.02760542752221227,
  "value_loss": 0.5775772288441658,
  "entropy": 0.28045739233493805,
  "approx_kl": 0.00626250105620445,
  "clip_fraction": 0.05567294061183929
}
