{
  "timestamp": "2025-09-30T01:10:51.768675+00:00",
  "iteration": 46,
  "steps": 94425,
  "episodes": 8146,
  "rolloutSteps": 2054,
  "batchEpisodes": 177,
  "avgEpisodeReward": -0.2322552917301211,
  "meanEntropy": 0.18628649413585663,
  "policy_loss": 0.02013623691163957,
  "value_loss": 0.4619534507393837,
  "entropy": 0.17910315208137034,
  "approx_kl": 0.005343842570203006,
  "clip_fraction": 0.0318359375
}
