{
  "timestamp": "2025-09-30T01:10:49.944349+00:00",
  "iteration": 43,
  "steps": 88274,
  "episodes": 7615,
  "rolloutSteps": 2053,
  "batchEpisodes": 177,
  "avgEpisodeReward": -0.15866063524918572,
  "meanEntropy": 0.1762527972459793,
  "policy_loss": 0.009957478963769972,
  "value_loss": 0.41964282393455504,
  "entropy": 0.18601397126913072,
  "approx_kl": 0.006457608793320716,
  "clip_fraction": 0.053007812798023225
}
