{
  "timestamp": "2025-09-30T01:09:56.286550+00:00",
  "iteration": 8,
  "steps": 16419,
  "episodes": 1420,
  "rolloutSteps": 2052,
  "batchEpisodes": 177,
  "avgEpisodeReward": -0.23592862336763856,
  "meanEntropy": 0.33965861797332764,
  "policy_loss": -0.057808969728648664,
  "value_loss": 0.5332402855157852,
  "entropy": 0.3625940024852753,
  "approx_kl": 0.005137928498577993,
  "clip_fraction": 0.05908203125
}
