{
  "timestamp": "2025-09-30T01:10:06.171408+00:00",
  "iteration": 12,
  "steps": 24637,
  "episodes": 2129,
  "rolloutSteps": 2053,
  "batchEpisodes": 177,
  "avgEpisodeReward": -0.23650841841949022,
  "meanEntropy": 0.2813933491706848,
  "policy_loss": -0.030110901221632957,
  "value_loss": 0.5317321598529816,
  "entropy": 0.2845351308584213,
  "approx_kl": 0.016287309412563667,
  "clip_fraction": 0.06013671904802322
}
