{
  "timestamp": "2025-09-30T01:10:51.176588+00:00",
  "iteration": 45,
  "steps": 92371,
  "episodes": 7969,
  "rolloutSteps": 2048,
  "batchEpisodes": 176,
  "avgEpisodeReward": -0.06305117774322928,
  "meanEntropy": 0.18399649858474731,
  "policy_loss": -0.001957180444151163,
  "value_loss": 0.4984352607280016,
  "entropy": 0.18294323328882456,
  "approx_kl": 0.0032440715058908443,
  "clip_fraction": 0.025634765625
}
