{
  "timestamp": "2025-09-30T01:10:23.120725+00:00",
  "iteration": 25,
  "steps": 51326,
  "episodes": 4430,
  "rolloutSteps": 2053,
  "batchEpisodes": 177,
  "avgEpisodeReward": -0.1222702337964576,
  "meanEntropy": 0.22448192536830902,
  "policy_loss": -0.005723535479046404,
  "value_loss": 0.5294666767120362,
  "entropy": 0.21589177045971156,
  "approx_kl": 0.010510606832267321,
  "clip_fraction": 0.06943359375
}
