{
  "timestamp": "2025-09-30T01:09:53.071594+00:00",
  "iteration": 2,
  "steps": 4101,
  "episodes": 354,
  "rolloutSteps": 2052,
  "batchEpisodes": 177,
  "avgEpisodeReward": -0.4405324968496775,
  "meanEntropy": 0.3939935266971588,
  "policy_loss": -0.03100327728316188,
  "value_loss": 0.7426627978682518,
  "entropy": 0.43774867355823516,
  "approx_kl": 0.01523757105201069,
  "clip_fraction": 0.1505859375
}
