{
  "timestamp": "2025-09-30T01:10:36.950188+00:00",
  "iteration": 35,
  "steps": 71865,
  "episodes": 6202,
  "rolloutSteps": 2051,
  "batchEpisodes": 177,
  "avgEpisodeReward": -0.09672472028574719,
  "meanEntropy": 0.17108583450317383,
  "policy_loss": -0.06299949074164032,
  "value_loss": 0.45192182138562204,
  "entropy": 0.21907059103250504,
  "approx_kl": 0.005963691182576869,
  "clip_fraction": 0.04547526091337204
}
