{
  "timestamp": "2025-09-30T01:10:21.402609+00:00",
  "iteration": 22,
  "steps": 45169,
  "episodes": 3899,
  "rolloutSteps": 2055,
  "batchEpisodes": 177,
  "avgEpisodeReward": -0.16300224593278667,
  "meanEntropy": 0.23902080953121185,
  "policy_loss": 0.030644825613126158,
  "value_loss": 0.460825464874506,
  "entropy": 0.23934423476457595,
  "approx_kl": 0.004865264115241486,
  "clip_fraction": 0.06625279113650322
}
