{
  "timestamp": "2025-09-30T01:10:38.120542+00:00",
  "iteration": 37,
  "steps": 75965,
  "episodes": 6555,
  "rolloutSteps": 2049,
  "batchEpisodes": 176,
  "avgEpisodeReward": -0.05673825261031437,
  "meanEntropy": 0.180643230676651,
  "policy_loss": 0.022763188043609262,
  "value_loss": 0.6183790996670723,
  "entropy": 0.15874892324209214,
  "approx_kl": 0.0009468598189865618,
  "clip_fraction": 0.01435546875
}
