{
  "timestamp": "2025-09-30T01:10:37.540671+00:00",
  "iteration": 36,
  "steps": 73916,
  "episodes": 6379,
  "rolloutSteps": 2051,
  "batchEpisodes": 177,
  "avgEpisodeReward": -0.1646079579744071,
  "meanEntropy": 0.16591480374336243,
  "policy_loss": 0.0708255460485816,
  "value_loss": 0.6139981240034104,
  "entropy": 0.15964237451553345,
  "approx_kl": 0.01480537977318393,
  "clip_fraction": 0.06324869841337204
}
