{
  "timestamp": "2025-09-30T01:10:10.154136+00:00",
  "iteration": 19,
  "steps": 39008,
  "episodes": 3369,
  "rolloutSteps": 2051,
  "batchEpisodes": 177,
  "avgEpisodeReward": -0.2233623732434894,
  "meanEntropy": 0.26585087180137634,
  "policy_loss": 0.023272401513531805,
  "value_loss": 0.4832575596868992,
  "entropy": 0.26403093840926883,
  "approx_kl": 0.003921439107178681,
  "clip_fraction": 0.03916015625
}
