{
  "timestamp": "2025-09-30T01:10:36.362062+00:00",
  "iteration": 34,
  "steps": 69814,
  "episodes": 6025,
  "rolloutSteps": 2049,
  "batchEpisodes": 177,
  "avgEpisodeReward": -0.12724703089135048,
  "meanEntropy": 0.1798391044139862,
  "policy_loss": 0.024834445351734756,
  "value_loss": 0.4337504614144564,
  "entropy": 0.19687490862741014,
  "approx_kl": 0.014083503093677674,
  "clip_fraction": 0.09853515625
}
