{
  "timestamp": "2025-09-30T01:09:55.215752+00:00",
  "iteration": 6,
  "steps": 12317,
  "episodes": 1065,
  "rolloutSteps": 2058,
  "batchEpisodes": 179,
  "avgEpisodeReward": -0.4129462940470845,
  "meanEntropy": 0.3214326798915863,
  "policy_loss": -0.006641443306580186,
  "value_loss": 0.5128755271434784,
  "entropy": 0.3214136779308319,
  "approx_kl": 0.008032601878074263,
  "clip_fraction": 0.09107421897351742
}
