{
  "timestamp": "2025-09-30T01:10:20.849010+00:00",
  "iteration": 21,
  "steps": 43114,
  "episodes": 3722,
  "rolloutSteps": 2058,
  "batchEpisodes": 177,
  "avgEpisodeReward": -0.3251758754622331,
  "meanEntropy": 0.24188555777072906,
  "policy_loss": 0.03242607028223574,
  "value_loss": 0.4596618257462978,
  "entropy": 0.2284566791728139,
  "approx_kl": 0.003069686026333854,
  "clip_fraction": 0.0396484375
}
