{
  "n_states_analyzed": 500,
  "early_game_preferences": {
    "monkey": {
      "mean": 0.4160799980163574,
      "std": 0.44248729944229126,
      "count": 43
    },
    "zebra": {
      "mean": 0.33012276887893677,
      "std": 0.41506901383399963,
      "count": 44
    },
    "seal": {
      "mean": 0.06117720156908035,
      "std": 0.2102716714143753,
      "count": 51
    },
    "parrot": {
      "mean": 0.2610350251197815,
      "std": 0.41703733801841736,
      "count": 35
    },
    "skunk": {
      "mean": 0.17782993614673615,
      "std": 0.36387133598327637,
      "count": 37
    },
    "kangaroo": {
      "mean": 0.4271780252456665,
      "std": 0.45620182156562805,
      "count": 41
    },
    "giraffe": {
      "mean": 0.3819523751735687,
      "std": 0.42682984471321106,
      "count": 38
    },
    "crocodile": {
      "mean": 0.17361915111541748,
      "std": 0.3559163510799408,
      "count": 42
    },
    "snake": {
      "mean": 0.1565471589565277,
      "std": 0.330425500869751,
      "count": 41
    },
    "lion": {
      "mean": 0.2792988121509552,
      "std": 0.42683663964271545,
      "count": 39
    },
    "hippo": {
      "mean": 0.27722737193107605,
      "std": 0.42401620745658875,
      "count": 45
    },
    "chameleon": {
      "mean": 0.1762617975473404,
      "std": 0.3582463562488556,
      "count": 32
    }
  },
  "mid_game_preferences": {
    "chameleon": {
      "mean": 0.1803404539823532,
      "std": 0.28758102655410767,
      "count": 42
    },
    "giraffe": {
      "mean": 0.4096890389919281,
      "std": 0.4231688976287842,
      "count": 43
    },
    "parrot": {
      "mean": 0.15473701059818268,
      "std": 0.31694555282592773,
      "count": 33
    },
    "snake": {
      "mean": 0.18840542435646057,
      "std": 0.28995057940483093,
      "count": 42
    },
    "hippo": {
      "mean": 0.27832284569740295,
      "std": 0.36147844791412354,
      "count": 37
    },
    "lion": {
      "mean": 0.3275211751461029,
      "std": 0.4225557744503021,
      "count": 45
    },
    "kangaroo": {
      "mean": 0.34118950366973877,
      "std": 0.424620121717453,
      "count": 44
    },
    "zebra": {
      "mean": 0.37667787075042725,
      "std": 0.42500612139701843,
      "count": 34
    },
    "crocodile": {
      "mean": 0.21930211782455444,
      "std": 0.3615349233150482,
      "count": 52
    },
    "seal": {
      "mean": 0.10883273184299469,
      "std": 0.25821131467819214,
      "count": 45
    },
    "monkey": {
      "mean": 0.16762419044971466,
      "std": 0.3119175434112549,
      "count": 42
    },
    "skunk": {
      "mean": 0.26139500737190247,
      "std": 0.3907051086425781,
      "count": 52
    }
  },
  "late_game_preferences": {
    "snake": {
      "mean": 0.19322550296783447,
      "std": 0.3073044419288635,
      "count": 84
    },
    "zebra": {
      "mean": 0.2873775064945221,
      "std": 0.38125139474868774,
      "count": 91
    },
    "lion": {
      "mean": 0.23563836514949799,
      "std": 0.34575825929641724,
      "count": 95
    },
    "chameleon": {
      "mean": 0.20128798484802246,
      "std": 0.33760517835617065,
      "count": 45
    },
    "monkey": {
      "mean": 0.2694240212440491,
      "std": 0.3425996005535126,
      "count": 92
    },
    "kangaroo": {
      "mean": 0.282603919506073,
      "std": 0.3761465549468994,
      "count": 66
    },
    "giraffe": {
      "mean": 0.3276890814304352,
      "std": 0.38555607199668884,
      "count": 96
    },
    "hippo": {
      "mean": 0.2610381841659546,
      "std": 0.33598124980926514,
      "count": 84
    },
    "crocodile": {
      "mean": 0.33986860513687134,
      "std": 0.38792672753334045,
      "count": 83
    },
    "skunk": {
      "mean": 0.20518381893634796,
      "std": 0.3392049968242645,
      "count": 106
    },
    "seal": {
      "mean": 0.14544761180877686,
      "std": 0.29683104157447815,
      "count": 90
    },
    "parrot": {
      "mean": 0.23655778169631958,
      "std": 0.35451024770736694,
      "count": 52
    }
  },
  "defensive_analysis": {
    "lion_present": {
      "giraffe": {
        "mean": 0.40116196870803833,
        "std": 0.40683606266975403,
        "count": 42
      },
      "crocodile": {
        "mean": 0.34076929092407227,
        "std": 0.43744921684265137,
        "count": 22
      },
      "zebra": {
        "mean": 0.23643667995929718,
        "std": 0.33941391110420227,
        "count": 33
      },
      "snake": {
        "mean": 0.16659556329250336,
        "std": 0.3072136342525482,
        "count": 33
      },
      "chameleon": {
        "mean": 0.1081589013338089,
        "std": 0.17531654238700867,
        "count": 23
      },
      "kangaroo": {
        "mean": 0.3128821849822998,
        "std": 0.41034016013145447,
        "count": 32
      },
      "seal": {
        "mean": 0.1646680235862732,
        "std": 0.33366960287094116,
        "count": 36
      },
      "monkey": {
        "mean": 0.2074519544839859,
        "std": 0.3237108290195465,
        "count": 26
      },
      "skunk": {
        "mean": 0.2545069754123688,
        "std": 0.4041915237903595,
        "count": 46
      },
      "lion": {
        "mean": 0.29446497559547424,
        "std": 0.37494567036628723,
        "count": 14
      },
      "hippo": {
        "mean": 0.24269936978816986,
        "std": 0.3265705406665802,
        "count": 28
      },
      "parrot": {
        "mean": 0.2362845242023468,
        "std": 0.38467615842819214,
        "count": 25
      }
    },
    "hippo_present": {
      "crocodile": {
        "mean": 0.25491461157798767,
        "std": 0.3481663465499878,
        "count": 24
      },
      "seal": {
        "mean": 0.14477534592151642,
        "std": 0.2946745455265045,
        "count": 32
      },
      "chameleon": {
        "mean": 0.1984347552061081,
        "std": 0.3629516065120697,
        "count": 25
      },
      "lion": {
        "mean": 0.2998346984386444,
        "std": 0.42259475588798523,
        "count": 22
      },
      "zebra": {
        "mean": 0.36355486512184143,
        "std": 0.4151567816734314,
        "count": 22
      },
      "skunk": {
        "mean": 0.208825945854187,
        "std": 0.3448422849178314,
        "count": 28
      },
      "snake": {
        "mean": 0.2013818919658661,
        "std": 0.33623600006103516,
        "count": 25
      },
      "giraffe": {
        "mean": 0.4020935297012329,
        "std": 0.4277542531490326,
        "count": 26
      },
      "kangaroo": {
        "mean": 0.2817152440547943,
        "std": 0.37205666303634644,
        "count": 19
      },
      "monkey": {
        "mean": 0.21479538083076477,
        "std": 0.35172325372695923,
        "count": 21
      },
      "parrot": {
        "mean": 0.12505578994750977,
        "std": 0.2642856240272522,
        "count": 13
      },
      "hippo": {
        "mean": 0.35169804096221924,
        "std": 0.4243372976779938,
        "count": 11
      }
    },
    "crocodile_present": {
      "snake": {
        "mean": 0.2002539485692978,
        "std": 0.3250688314437866,
        "count": 39
      },
      "zebra": {
        "mean": 0.339362233877182,
        "std": 0.4126203954219818,
        "count": 46
      },
      "lion": {
        "mean": 0.3078339397907257,
        "std": 0.3926193118095398,
        "count": 42
      },
      "chameleon": {
        "mean": 0.09137944877147675,
        "std": 0.16500727832317352,
        "count": 31
      },
      "giraffe": {
        "mean": 0.30466097593307495,
        "std": 0.35992562770843506,
        "count": 44
      },
      "crocodile": {
        "mean": 0.28239986300468445,
        "std": 0.3713979721069336,
        "count": 28
      },
      "kangaroo": {
        "mean": 0.14688414335250854,
        "std": 0.2697998583316803,
        "count": 41
      },
      "parrot": {
        "mean": 0.1592981219291687,
        "std": 0.2912916839122772,
        "count": 23
      },