{
  "timestamp": "2025-09-30T01:05:43.322214+00:00",
  "step": 18474,
  "iteration": 9,
  "checkpoint": "_03_training/artifacts/soak_cli/checkpoints/step_18474.pt",
  "gamesPerOpponent": 1000,
  "seedBase": 4321,
  "opponents": [
    {
      "opponent": "first",
      "games": 1000,
      "wins": 480,
      "losses": 405,
      "ties": 115,
      "winRate": 0.48,
      "averageScore": 9.415,
      "averageOpponentScore": 8.832,
      "averageTurns": 22.74,
      "elo": {
        "before": 1500.0,
        "after": 1067.116255950555,
        "delta": -432.8837440494451,
        "opponentAfter": 1932.8837440494453
      }
    },
    {
      "opponent": "random",
      "games": 1000,
      "wins": 456,
      "losses": 436,
      "ties": 108,
      "winRate": 0.456,
      "averageScore": 9.19,
      "averageOpponentScore": 8.965,
      "averageTurns": 22.739,
      "elo": {
        "before": 1067.116255950555,
        "after": 844.1674435646382,
        "delta": -222.94881238591665,
        "opponentAfter": 1722.948812385919
      }
    },
    {
      "opponent": "greedy",
      "games": 1000,
      "wins": 64,
      "losses": 904,
      "ties": 32,
      "winRate": 0.064,
      "averageScore": 5.292,
      "averageOpponentScore": 13.904,
      "averageTurns": 22.836,
      "elo": {
        "before": 844.1674435646382,
        "after": 668.681861389633,
        "delta": -175.48558217500522,
        "opponentAfter": 1675.4855821750068
      }
    },
    {
      "opponent": "diego",
      "games": 1000,
      "wins": 123,
      "losses": 813,
      "ties": 64,
      "winRate": 0.123,
      "averageScore": 5.257,
      "averageOpponentScore": 10.667,
      "averageTurns": 22.672,
      "elo": {
        "before": 668.681861389633,
        "after": 590.1605979481989,
        "delta": -78.52126344143414,
        "opponentAfter": 1578.5212634414365
      }
    }
  ],
  "finalElo": 590.1605979481989
}
